{"cameraMode":{"drawMode":0,"name":"Shaded","section":"Shading Mode"},"sceneLighting":true,"audioPlay":false,"sceneViewState":{"showFog":true,"showMaterialUpdate":true,"showSkybox":true,"showFlares":true,"showImageEffects":true,"showParticleSystems":true},"in2DMode":false,"pivot":{"x":-2.4065637588500978,"y":1.409128189086914,"z":0.7346258163452148},"rotation":{"x":-0.043182309716939929,"y":0.9436255693435669,"z":-0.2984342575073242,"w":-0.13653922080993653},"size":7.567508220672607,"orthographic":false}